[{"id":"user-image-WhatsAppImage2024-11-24at2.29.44PM.jpeg","fileName":"WhatsAppImage2024-11-24at2.29.44PM.jpeg","name":"WhatsAppImage2024-11-24at2.29.44PM","publicUrl":"https://assets.nicepagecdn.com/5c67e2f1/6393616/images/WhatsAppImage2024-11-24at2.29.44PM.jpeg","size":12003,"hash":"LLW8hEyyOxEwxAWOfvc7IJLcrp0=","width":1242,"height":180,"folderId":null,"thumbnail":{"url":"https://assets.nicepagecdn.com/5c67e2f1/6393616/images/thumbnails/WhatsAppImage2024-11-24at2.29.44PM.jpeg","width":150,"height":22},"usages":["1888911469"]},{"id":"user-image-nord-360-internet-security-1.3.webp","fileName":"nord-360-internet-security-1.3.webp","name":"nord-360-internet-security-1.3","publicUrl":"https://assets.nicepagecdn.com/5c67e2f1/6393616/images/nord-360-internet-security-1.3.webp","size":14670,"hash":"90/GiMGSG6U5opiSFKIfWnbEfG8=","width":600,"height":426,"folderId":null,"thumbnail":{"url":"https://assets.nicepagecdn.com/5c67e2f1/6393616/images/nord-360-internet-security-1.3.webp","width":600,"height":426},"usages":["1888911469"]}]