[{"id":68127356,"title":"Blog Template","order":1,"templateKey":"blog","customTemplate":false,"customTemplateFilename":null,"pageLinks":[],"dateCreated":"2024-11-23T22:04:02.596Z","dateUpdated":"2024-11-23T22:04:18.193Z","folderId":null,"pageName":"Blog Template","sectionCount":1,"status":2},{"id":691109767,"title":"Post Template","order":2,"templateKey":"post","customTemplate":false,"customTemplateFilename":null,"pageLinks":[],"dateCreated":"2024-11-23T22:04:02.930Z","dateUpdated":"2024-11-23T22:04:18.194Z","folderId":null,"pageName":"Post Template","sectionCount":1,"status":2},{"id":227208710,"title":"Product List Template","order":3,"templateKey":"products","customTemplate":false,"customTemplateFilename":null,"pageLinks":[],"dateCreated":"2024-11-23T22:04:03.247Z","dateUpdated":"2024-11-23T22:04:18.194Z","folderId":null,"pageName":"Product List Template","sectionCount":1,"status":2},{"id":50009088,"title":"Product Details Template","order":4,"templateKey":"product","customTemplate":false,"customTemplateFilename":null,"pageLinks":[],"dateCreated":"2024-11-23T22:04:03.568Z","dateUpdated":"2024-11-23T22:04:18.194Z","folderId":null,"pageName":"Product Details Template","sectionCount":1,"status":2},{"id":68417713,"title":"Shopping Cart Template","order":5,"templateKey":"cart","customTemplate":false,"customTemplateFilename":null,"pageLinks":[],"dateCreated":"2024-11-23T22:04:03.836Z","dateUpdated":"2024-11-23T22:04:18.194Z","folderId":null,"pageName":"Shopping Cart Template","sectionCount":1,"status":2},{"id":399202784,"title":"Login Template","order":7,"templateKey":"login","customTemplate":false,"customTemplateFilename":null,"pageLinks":[],"dateCreated":"2024-11-23T22:04:04.156Z","dateUpdated":"2024-11-23T22:04:18.194Z","folderId":null,"pageName":"Login Template","sectionCount":1,"status":2},{"id":278984309,"title":"Search Template","order":8,"templateKey":"Search","customTemplate":false,"customTemplateFilename":null,"pageLinks":[],"dateCreated":"2024-11-23T22:04:04.306Z","dateUpdated":"2024-11-23T22:04:18.194Z","folderId":null,"pageName":"Search Template","sectionCount":1,"status":2},{"id":608424692,"title":"Password Template","order":9,"templateKey":"password","customTemplate":false,"customTemplateFilename":null,"pageLinks":[],"dateCreated":"2024-11-23T22:04:04.460Z","dateUpdated":"2024-11-23T22:04:18.195Z","folderId":null,"pageName":"Password Template","sectionCount":1,"status":2},{"id":58266698,"title":"404 Not Found Template","order":10,"templateKey":"404","customTemplate":false,"customTemplateFilename":null,"pageLinks":[],"dateCreated":"2024-11-23T22:04:04.594Z","dateUpdated":"2024-11-23T22:04:18.195Z","folderId":null,"pageName":"404 Not Found Template","sectionCount":1,"status":2},{"id":2280219694,"title":"Thank You Template","order":11,"templateKey":"ThankYou","customTemplate":false,"customTemplateFilename":null,"pageLinks":[],"dateCreated":"2024-11-23T22:04:04.714Z","dateUpdated":"2024-11-23T22:04:18.195Z","folderId":null,"pageName":"Thank You Template","sectionCount":1,"status":2},{"id":1888911469,"title":"Home","order":50,"templateKey":null,"customTemplate":false,"customTemplateFilename":null,"pageLinks":[],"dateCreated":"2024-11-23T22:04:25.596Z","dateUpdated":"2024-11-25T09:13:25.285Z","folderId":null,"pageName":"Home_1888911469","sectionCount":1,"status":2}]